{
  "items_count": 2000,
  "execution_time": 1.7983713150024414,
  "items_per_second": 1112.1173827204227,
  "consumed_capacity": 50.0
}